L_data,iT_experimental,iT_simulated
0.36,0.39333333333333337,0.5212995734851185
0.3636,0.3967777777777778,0.5238800513310387
0.36719999999999997,0.40011111111111114,0.5264445023570281
0.37079999999999996,0.4068888888888889,0.5289930488280298
0.37439999999999996,0.40355555555555556,0.5315258115603323
0.37799999999999995,0.4068888888888889,0.5340429099582332
0.38159999999999994,0.4068888888888889,0.5365444620491202
0.38520000000000004,0.4136666666666667,0.5390305845170519
0.38880000000000003,0.42044444444444445,0.5415013927349217
0.3924,0.42044444444444445,0.5439570007952808
0.396,0.4306666666666667,0.5463975215398899
0.3996,0.44422222222222224,0.5488230665880627
0.4032,0.44422222222222224,0.5512337463638775
0.4068,0.4577777777777778,0.5536296701222939
0.4104,0.46111111111111114,0.5560109459742535
0.414,0.4678888888888889,0.5583776809107985
0.41759999999999997,0.4713333333333333,0.5607299808262683
0.42119999999999996,0.4746666666666667,0.563067950540614
0.42479999999999996,0.4781111111111111,0.5653916938208778
0.42840000000000006,0.4713333333333333,0.5677013134018792
0.43200000000000005,0.4746666666666667,0.5699969110061402
0.43560000000000004,0.4746666666666667,0.5722785873630958
0.43920000000000003,0.48144444444444445,0.5745464422276176
0.4428,0.4678888888888889,0.5768005743978821
0.4464,0.4781111111111111,0.5790410817326206
0.45,0.48144444444444445,0.5812680611677764
0.4536,0.4883333333333334,0.5834816087325929
0.4572,0.49166666666666664,0.5856818195651682
0.4608,0.49166666666666664,0.5878687879274898
0.4644,0.49511111111111117,0.5900426072199825
0.46799999999999997,0.49511111111111117,0.5922033699955846
0.47159999999999996,0.5052222222222222,0.5943511679733781
0.4752,0.5018888888888889,0.5964860920517885
0.4788,0.5086666666666667,0.5986082323213764
0.4824,0.5154444444444445,0.6007176780772402
0.486,0.5154444444444445,0.6028145178310388
0.48960000000000004,0.5255555555555556,0.6048988393226618
0.4932,0.529,0.6069707295315526
0.4968,0.5458888888888889,0.6090302746877052
0.5004,0.5458888888888889,0.611077560282345
0.504,0.5594444444444444,0.6131126710783108
0.5075999999999999,0.5594444444444444,0.615135691120142
0.5112,0.5696666666666668,0.6171467037438967
0.5147999999999999,0.5662222222222222,0.6191457915866962
0.5184000000000001,0.5628888888888889,0.6211330365960206
0.522,0.5662222222222222,0.623108520038755
0.5256000000000001,0.5594444444444444,0.6250723225100037
0.5292,0.5662222222222222,0.6270245239416763
0.5328,0.5561111111111111,0.6289652036108604
0.5364,0.5628888888888889,0.630894440147981
0.54,0.5662222222222222,0.6328123115447641
0.5436,0.5696666666666668,0.6347188951620042
0.5472,0.573,0.6366142677371489
0.5508,0.573,0.638498505391704
0.5544,0.5764444444444445,0.6403716836384669
0.5579999999999999,0.5798888888888889,0.6422338773885944
0.5616,0.5798888888888889,0.644085160958513
0.5652,0.5798888888888889,0.6459256080766728
0.5688,0.5866666666666667,0.647755291890157
0.5724,0.5866666666666667,0.6495742849711463
0.5760000000000001,0.5934444444444444,0.6513826593232477
0.5796,0.5967777777777779,0.6531804863876882
0.5832,0.6035555555555556,0.6549678370493843
0.5868,0.6137777777777778,0.6567447816428834
0.5904,0.6171111111111112,0.658511389958192
0.594,0.6306666666666667,0.6602677312464815
0.5976,0.6306666666666667,0.6620138742256896
0.6012,0.6341111111111112,0.6637498870860089
0.6048,0.6374444444444445,0.6654758374952756
0.6084,0.6341111111111112,0.6671917926042543
0.612,0.6374444444444445,0.6688978190518289
0.6156,0.6306666666666667,0.6705939829700954
0.6192,0.6341111111111112,0.6722803499893689
0.6228,0.6341111111111112,0.6739569852430959
0.6264,0.6341111111111112,0.6756239533726882
0.63,0.6306666666666667,0.6772813185322691
0.6335999999999999,0.640888888888889,0.6789291443933398
0.6372,0.6442222222222223,0.6805674941493718
0.6408,0.6442222222222223,0.6821964305203196
0.6444,0.6476666666666667,0.6838160157570621
0.648,0.6442222222222223,0.6854263116457742
0.6516,0.6476666666666667,0.687027379512227
0.6552,0.6442222222222223,0.688619280226024
0.6587999999999999,0.651,0.6902020742047688
0.6624,0.651,0.6917758214181744
0.6659999999999999,0.6612222222222223,0.6933405813921065
0.6696,0.6612222222222223,0.6948964132125697
0.6731999999999999,0.668,0.6964433755296364
0.6768000000000001,0.6747777777777778,0.6979815265613173
0.6804000000000001,0.6782222222222222,0.6995109240973775
0.684,0.6883333333333334,0.7010316255031014
0.6876000000000001,0.6917777777777778,0.7025436877230024
0.6912,0.6951111111111112,0.7040471672844835
0.6948000000000001,0.6951111111111112,0.7055421203014502
0.6984,0.6951111111111112,0.7070286024778718
0.7020000000000001,0.6951111111111112,0.7085066691112991
0.7056,0.6917777777777778,0.7099763750963333
0.7092,0.6951111111111112,0.7114377749280552
0.7128,0.6917777777777778,0.7128909227054032
0.7164,0.6951111111111112,0.7143358721345188
0.72,0.6815555555555556,0.7157726765320408
0.7236,0.6951111111111112,0.7172013888283665
0.7272,0.6985555555555555,0.7186220615708687
0.7308,0.701888888888889,0.7200347469270775
0.7343999999999999,0.6985555555555555,0.7214394966878204
0.738,0.6985555555555555,0.7228363622703298
0.7415999999999999,0.701888888888889,0.7242253947213124
0.7452,0.701888888888889,0.7256066447199814
0.7487999999999999,0.701888888888889,0.7269801625810574
0.7524,0.701888888888889,0.7283459982577354
0.7559999999999999,0.712111111111111,0.7297042013446141
0.7595999999999999,0.7188888888888888,0.7310548210805996
0.7631999999999999,0.7222222222222223,0.7323979063517714
0.7668,0.7256666666666668,0.7337335056942211
0.7704000000000001,0.7290000000000001,0.7350616672968586
0.774,0.7392222222222223,0.7363824390041893
0.7776000000000001,0.7392222222222223,0.7376958683190613
0.7812,0.7493333333333334,0.7390020024053849
0.7848,0.7460000000000001,0.7403008880908231
0.7884,0.7425555555555556,0.7415925718694538
0.792,0.7493333333333334,0.7428770999044068
0.7956,0.7357777777777779,0.7441545180304722
0.7992,0.7460000000000001,0.745424871756682
0.8028,0.7425555555555556,0.7466882062688697
0.8064,0.7425555555555556,0.7479445664322009
0.81,0.7324444444444446,0.7491939967936787
0.8136,0.7357777777777779,0.7504365415846301
0.8172,0.7425555555555556,0.7516722447231603
0.8208,0.7460000000000001,0.7529011498165895
0.8244,0.7460000000000001,0.7541233001638648
0.828,0.7460000000000001,0.7553387387579482
0.8316,0.7460000000000001,0.7565475082881825
0.8351999999999999,0.7425555555555556,0.7577496511426366
0.8388,0.7493333333333334,0.7589452094104264
0.8423999999999999,0.7493333333333334,0.7601342248840166
0.846,0.7493333333333334,0.7613167390614992
0.8495999999999999,0.7527777777777779,0.762492793148853
0.8532,0.7561111111111112,0.7636624280621818
0.8568000000000001,0.7663333333333334,0.7648256844299326
0.8604,0.762888888888889,0.7659826025950929
0.8640000000000001,0.7765555555555556,0.7671332226173693
0.8676,0.779888888888889,0.7682775842753464
0.8712000000000001,0.7833333333333333,0.7694157270686282
0.8748,0.7833333333333333,0.7705476902199563
0.8784000000000001,0.7866666666666667,0.7716735126773153
0.882,0.7866666666666667,0.7727932331160151
0.8856,0.7765555555555556,0.773906889940756
0.8892,0.779888888888889,0.7750145212876799
0.8928,0.7731111111111112,0.7761161650263977
0.8964,0.779888888888889,0.7772118587620032
0.9,0.7696666666666667,0.7783016398370703
0.9036,0.7731111111111112,0.7793855453336305
0.9072,0.779888888888889,0.780463612075134
0.9107999999999999,0.7833333333333333,0.7815358766283983
0.9144,0.7833333333333333,0.7826023753055338
0.9179999999999999,0.779888888888889,0.783663144165859
0.9216,0.779888888888889,0.7847182190177968
0.9251999999999999,0.779888888888889,0.7857676354207558
0.9288,0.779888888888889,0.7868114286869949
0.9323999999999999,0.7833333333333333,0.7878496338834755
0.9359999999999999,0.7833333333333333,0.7888822858336937
0.9396,0.7866666666666667,0.7899094191195019
0.9431999999999999,0.7866666666666667,0.7909310680829129
0.9468000000000001,0.8002222222222223,0.7919472668278902
0.9504,0.8002222222222223,0.7929580492221229
0.9540000000000001,0.8104444444444445,0.7939634488987872
0.9576,0.807,0.7949634992582936
0.9612,0.8205555555555556,0.7959582334700179
0.9648,0.8205555555555556,0.7969476844740215
0.9684,0.8205555555555556,0.7979318849827548
0.972,0.8240000000000001,0.7989108674827484
0.9756,0.8137777777777778,0.7998846642362917
0.9792000000000001,0.8205555555555556,0.8008533072830957
0.9828,0.807,0.801816828441944
0.9864,0.8137777777777778,0.8027752593123314
0.99,0.8002222222222223,0.803728631276086
0.9936,0.807,0.8046769754989836
0.9972,0.807,0.8056203229323451
1.0008,0.8137777777777778,0.806558704314623
1.0044,0.8137777777777778,0.8074921501729749
1.008,0.8104444444444445,0.8084206908248254
1.0116,0.8172222222222223,0.8093443563794138
1.0151999999999999,0.8137777777777778,0.8102631767393331
1.0188,0.8104444444444445,0.811177181602053
1.0224,0.8137777777777778,0.8120864004614321
1.026,0.8205555555555556,0.8129908626092212
1.0295999999999998,0.8172222222222223,0.8138905971365503
1.0332,0.8205555555555556,0.8147856329354083
1.0368000000000002,0.8273333333333334,0.8156759987001067
1.0404,0.8240000000000001,0.8165617229287356
1.044,0.8375555555555556,0.817442833924608
1.0476,0.8375555555555556,0.8183193597976901
1.0512000000000001,0.8511111111111112,0.8191913284660229
1.0548,0.8476666666666667,0.8200587676571329
1.0584,0.8511111111111112,0.8209217049094308
1.062,0.8511111111111112,0.8217801675735994
1.0656,0.8443333333333334,0.8226341828139716
1.0692,0.8476666666666667,0.8234837776098966
1.0728,0.8375555555555556,0.824328978757098
1.0764,0.8476666666666667,0.825169812869018
1.08,0.8408888888888889,0.8260063063781529
1.0836,0.8408888888888889,0.82683848553738
1.0872,0.8307777777777778,0.8276663764212708
1.0908,0.8408888888888889,0.8284900049273977
1.0944,0.8408888888888889,0.8293093967776273
1.0979999999999999,0.8375555555555556,0.8301245775194062
1.1016,0.8408888888888889,0.8309355725270374
1.1052,0.8375555555555556,0.8317424070029432
1.1088,0.8408888888888889,0.8325451059789234
1.1124,0.8408888888888889,0.8333436943173989
1.1159999999999999,0.8443333333333334,0.8341381967126509
1.1196,0.8408888888888889,0.8349286376920458
1.1232,0.8476666666666667,0.8357150416172552
1.1268,0.8476666666666667,0.8364974326854618
1.1304,0.8443333333333334,0.8372758349305611
1.1340000000000001,0.8578888888888889,0.8380502722243491
1.1376,0.8578888888888889,0.838820768277706
1.1412,0.8681111111111112,0.8395873466417658
1.1448,0.8714444444444445,0.8403500307090808
1.1484,0.8714444444444445,0.8411088437147756
1.1520000000000001,0.8748888888888889,0.8418638087376916
1.1556,0.8681111111111112,0.8426149487015255
1.1592,0.8681111111111112,0.8433622863759569
1.1628,0.8578888888888889,0.8441058443777657
1.1664,0.8681111111111112,0.8448456451719464
1.17,0.8578888888888889,0.8455817110728083
1.1736,0.8646666666666667,0.8463140642450708
1.1772,0.8544444444444445,0.8470427267049496
1.1808,0.8578888888888889,0.8477677203212328
1.1844,0.8612222222222222,0.8484890668163516
1.188,0.8612222222222222,0.8492067877674423
1.1916,0.8646666666666667,0.8499209046073984
1.1952,0.8578888888888889,0.8506314386259157
1.1987999999999999,0.8646666666666667,0.8513384109705318
1.2024,0.8578888888888889,0.8520418426476533
1.206,0.8578888888888889,0.8527417545235783
1.2096,0.8612222222222222,0.8534381673255118
1.2131999999999998,0.8612222222222222,0.8541311016425696
1.2168,0.8612222222222222,0.8548205779267802
1.2204000000000002,0.8714444444444445,0.8555066164940723
1.224,0.8714444444444445,0.8561892375252615
1.2276,0.8782222222222222,0.8568684610670255
1.2312,0.885,0.8575443070328719
1.2348000000000001,0.885,0.8582167952041015
1.2384,0.8952222222222223,0.8588859452307626
1.242,0.8952222222222223,0.8595517766325953
1.2456,0.8952222222222223,0.8602143087999752
1.2492,0.8917777777777778,0.8608735609948428
1.2528,0.885,0.8615295523516324
1.2564,0.8917777777777778,0.8621823018781882
1.26,0.8782222222222222,0.8628318284566776
1.2636,0.8884444444444445,0.863478150844496
1.2671999999999999,0.8782222222222222,0.8641212876751636
1.2708,0.8782222222222222,0.8647612574592194
1.2744,0.8782222222222222,0.865398078585103
1.278,0.8816666666666667,0.8660317693200337
1.2816,0.885,0.8666623478108829
1.2852000000000001,0.8816666666666667,0.8672898320850365
1.2888,0.885,0.8679142400512553
1.2924,0.8782222222222222,0.8685355895005252
1.296,0.8816666666666667,0.8691538981069037
1.2996,0.8816666666666667,0.8697691834283572
1.3032,0.8816666666666667,0.8703814629075959
1.3068,0.885,0.8709907538728983
1.3104,0.885,0.871597073538932
1.314,0.8917777777777778,0.8722004390075672
1.3175999999999999,0.8917777777777778,0.8728008672686856
1.3212000000000002,0.8985555555555556,0.8733983752009811
1.3248,0.902,0.8739929795727551
1.3284,0.9121111111111111,0.874584697042708
1.3319999999999999,0.9087777777777778,0.8751735441607201
1.3356000000000001,0.9121111111111111,0.8757595373686331
1.3392,0.9155555555555556,0.8763426930010185
1.3428,0.902,0.8769230272859462
1.3463999999999998,0.9053333333333333,0.8775005563457432
1.35,0.8985555555555556,0.8780752961977503
1.3536000000000001,0.9053333333333333,0.8786472627550683
1.3572,0.8985555555555556,0.8792164718273048
1.3608000000000002,0.8985555555555556,0.8797829391213081
1.3644,0.8917777777777778,0.880346680241904
1.368,0.8985555555555556,0.8809077106926171
1.3716,0.8985555555555556,0.8814660458763968
1.3752000000000002,0.8985555555555556,0.8820217010963309
1.3788,0.8985555555555556,0.8825746915563558
1.3824,0.902,0.8831250323619632
1.386,0.8952222222222223,0.8836727385208973
1.3896000000000002,0.8917777777777778,0.8842178249438524
1.3932,0.8952222222222223,0.88476030644516
1.3968,0.8952222222222223,0.8853001977434738
1.4003999999999999,0.902,0.8858375134624482
1.4040000000000001,0.9087777777777778,0.8863722681314132
1.4076,0.9087777777777778,0.8869044761860427
1.4112,0.9121111111111111,0.8874341519690174
1.4147999999999998,0.9188888888888889,0.8879613097306851
1.4184,0.9223333333333333,0.8884859636297139
1.422,0.9256666666666666,0.8890081277337409
1.4256,0.9324444444444444,0.8895278160200171
1.4291999999999998,0.9324444444444444,0.8900450423760462
1.4328,0.9223333333333333,0.8905598206002184
1.4364,0.9291111111111111,0.8910721644024422
1.44,0.9155555555555556,0.8915820874047664
1.4436000000000002,0.9188888888888889,0.8920896031420034
1.4472,0.9121111111111111,0.8925947250623428
1.4508,0.9188888888888889,0.8930974665279633
1.4544,0.902,0.8935978408156393
1.4580000000000002,0.9121111111111111,0.894095861117342
1.4616,0.9155555555555556,0.8945915405408379
1.4652,0.9155555555555556,0.8950848921102809
1.4687999999999999,0.9188888888888889,0.8955759287668013
1.4724000000000002,0.9121111111111111,0.8960646633690894
1.476,0.9155555555555556,0.8965511086939757
1.4796,0.9121111111111111,0.8970352774370057
1.4831999999999999,0.9155555555555556,0.8975171822130124
1.4868000000000001,0.9087777777777778,0.897996835556681
1.4904,0.9155555555555556,0.8984742499231128
1.494,0.9155555555555556,0.8989494376883832
1.4975999999999998,0.9223333333333333,0.8994224111500958
1.5012,0.9256666666666666,0.8998931825279335
1.5048,0.9291111111111111,0.9003617639642016
1.5084,0.9392222222222222,0.9008281675243739
1.5119999999999998,0.9358888888888889,0.9012924051976262
1.5156,0.9426666666666667,0.9017544888973716
1.5191999999999999,0.9426666666666667,0.9022144304617934
1.5228,0.9358888888888889,0.9026722416543645
1.5263999999999998,0.9392222222222222,0.9031279341643766
1.53,0.9291111111111111,0.9035815196074514
1.5336,0.9324444444444444,0.9040330095260595
1.5372,0.9256666666666666,0.9044824153900296
1.5408000000000002,0.9256666666666666,0.9049297485970532
1.5444,0.9121111111111111,0.9053750204731892
1.548,0.9188888888888889,0.9058182422733624
1.5515999999999999,0.9223333333333333,0.9062594251818581
1.5552000000000001,0.9256666666666666,0.9066985803128155
1.5588,0.9256666666666666,0.9071357187107121
1.5624,0.9256666666666666,0.9075708513508522
1.5659999999999998,0.9223333333333333,0.9080039891398448
1.5696,0.9188888888888889,0.9084351429160806
1.5732,0.9223333333333333,0.9088643234502072
1.5768,0.9223333333333333,0.9092915414455982
1.5804,0.9256666666666666,0.9097168075388187
1.584,0.9291111111111111,0.9101401323000905
1.5876,0.9291111111111111,0.9105615262337499
1.5912,0.9392222222222222,0.9109809997787041
1.5948,0.9392222222222222,0.9113985633088852
1.5984,0.9527777777777778,0.9118142271336982
1.6019999999999999,0.9494444444444444,0.9122280014984678
1.6056,0.9527777777777778,0.9126398965848813
1.6092,0.9527777777777778,0.9130499225114268
1.6128,0.9562222222222222,0.9134580893338313
1.6163999999999998,0.9562222222222222,0.9138644070454925
1.62,0.9426666666666667,0.914268885577909
1.6236000000000002,0.946,0.9146715348011063
1.6272,0.9392222222222222,0.9150723645240609
1.6308,0.9426666666666667,0.9154713844951203
1.6344,0.9324444444444444,0.9158686044024196
1.6380000000000001,0.9291111111111111,0.9162640338742971
1.6416,0.9392222222222222,0.9166576824797035
1.6452,0.9392222222222222,0.9170495597286111
1.6488,0.9392222222222222,0.9174396750724181
1.6524,0.9358888888888889,0.9178280379043514
1.656,0.9358888888888889,0.9182146575598638
1.6596000000000002,0.9291111111111111,0.9185995433170318
1.6632,0.9392222222222222,0.9189827043969477
1.6668,0.9324444444444444,0.9193641499641116
1.6703999999999999,0.9358888888888889,0.9197438891268154
1.6740000000000002,0.9392222222222222,0.9201219309375295
1.6776,0.946,0.9204982843932847
1.6812,0.946,0.9208729584360493
1.6847999999999999,0.9426666666666667,0.9212459619531074
1.6884000000000001,0.9562222222222222,0.9216173037774293
1.692,0.9527777777777778,0.9219869926880448
1.6956,0.9595555555555556,0.9223550374104088
1.6991999999999998,0.9595555555555556,0.922721446616767
1.7028,0.963,0.9230862289265191
1.7064,0.9595555555555556,0.923449392906577
1.71,0.9494444444444444,0.9238109470717234
1.7136000000000002,0.9494444444444444,0.9241708998849645
1.7172,0.946,0.9245292597578825
1.7208,0.9527777777777778,0.9248860350509864
1.7244,0.9426666666666667,0.925241234074056
1.7280000000000002,0.9392222222222222,0.9255948650864871
1.7316,0.946,0.9259469362976338
1.7352,0.9494444444444444,0.9262974558671461
1.7388,0.946,0.9266464319053078
1.7424000000000002,0.9426666666666667,0.9269938724733701
1.746,0.9426666666666667,0.927339785583883
1.7496,0.9392222222222222,0.9276841792010241
1.7531999999999999,0.9426666666666667,0.9280270612409273
1.7568000000000001,0.9426666666666667,0.9283684395720049
1.7604,0.9426666666666667,0.9287083220152705
1.764,0.9426666666666667,0.9290467163446594
1.7675999999999998,0.946,0.929383630287345
1.7712,0.9527777777777778,0.929719071524054
1.7748,0.9527777777777778,0.9300530476893796
1.7784,0.963,0.930385566372091
1.7819999999999998,0.9595555555555556,0.9307166351154424
1.7856,0.9697777777777777,0.9310462614174787
1.7892,0.9697777777777777,0.9313744527313386
1.7928,0.9697777777777777,0.9317012164655565
1.7963999999999998,0.9697777777777777,0.9320265599843623
1.8,0.9595555555555556,0.9323504906079778
1.8036,0.963,0.9326730156129112
1.8072,0.9527777777777778,0.9329941422322499
1.8108000000000002,0.9595555555555556,0.9333138776559531
1.8144,0.9494444444444444,0.9336322290311375
1.818,0.9494444444444444,0.9339492034623648
1.8215999999999999,0.9494444444444444,0.9342648080119271
1.8252000000000002,0.9562222222222222,0.9345790497001277
1.8288,0.9562222222222222,0.9348919355055617
1.8324,0.9527777777777778,0.9352034723653946
1.8359999999999999,0.9527777777777778,0.9355136671756374
1.8396000000000001,0.9494444444444444,0.9358225267914225
1.8432,0.9562222222222222,0.9361300580272736
1.8468,0.9494444444444444,0.9364362676573778
1.8503999999999998,0.9527777777777778,0.9367411624158528
1.854,0.9527777777777778,0.9370447489970132
1.8576,0.9562222222222222,0.9373470340556357
1.8612,0.9595555555555556,0.9376480242072202
1.8647999999999998,0.963,0.9379477260282506
1.8684,0.9697777777777777,0.9382461460564553
1.8719999999999999,0.9732222222222223,0.9385432907910611
1.8756,0.9800000000000001,0.9388391666930501
1.8792,0.9732222222222223,0.9391337801854118
1.8828,0.9800000000000001,0.9394271376533946
1.8863999999999999,0.9765555555555555,0.9397192454447564
1.89,0.9732222222222223,0.9400101098700094
1.8936000000000002,0.9732222222222223,0.9402997372026687
1.8972,0.9664444444444446,0.9405881336794955
1.9008,0.9697777777777777,0.9408753055007385
1.9043999999999999,0.9595555555555556,0.9411612588303755
1.9080000000000001,0.9595555555555556,0.9414459997963522
1.9116,0.9562222222222222,0.9417295344908186
1.9152,0.963,0.9420118689703647
1.9188,0.963,0.9422930092562547
1.9224,0.963,0.9425729613346583
1.926,0.963,0.9428517311568816
1.9296,0.9562222222222222,0.9431293246395954
1.9332,0.9562222222222222,0.9434057476650628
1.9368,0.9562222222222222,0.9436810060813638
1.9404,0.9595555555555556,0.9439551057026198
1.944,0.9562222222222222,0.9442280523092162
1.9476,0.9595555555555556,0.9444998516480212
1.9512,0.9664444444444446,0.9447705094326071
1.9547999999999999,0.9664444444444446,0.9450400313434661
1.9584000000000001,0.9765555555555555,0.9453084230282268
1.962,0.9800000000000001,0.9455756901018697
1.9656,0.9800000000000001,0.9458418381469378
1.9691999999999998,0.9867777777777779,0.946106872713749
1.9728,0.9867777777777779,0.9463707993206072
1.9764,0.9833333333333333,0.9466336234540081
1.98,0.9800000000000001,0.9468953505688475
1.9836,0.9833333333333333,0.947155986088627
1.9872,0.9697777777777777,0.9474155354056574
1.9908000000000001,0.9765555555555555,0.9476740038812598
1.9944,0.9664444444444446,0.9479313968459695
1.9980000000000002,0.9697777777777777,0.9481877195997329
2.0016,0.9562222222222222,0.9484429774121071
2.0052000000000003,0.9664444444444446,0.9486971755224557
2.0088,0.9697777777777777,0.9489503191401452
2.0124,0.9664444444444446,0.9492024134447375
2.016,0.9664444444444446,0.9494534635861848
2.0196,0.9664444444444446,0.9497034746850173
2.0232,0.963,0.9499524518325365
2.0268,0.963,0.950200400091002
2.0303999999999998,0.963,0.9504473244938189
2.0340000000000003,0.963,0.9506932300457229
2.0376,0.963,0.9509381217229674
2.0412,0.9664444444444446,0.9511820044735025
2.0448,0.9697777777777777,0.9514248832171612
2.0484,0.9765555555555555,0.9516667628458367
2.052,0.9765555555555555,0.9519076482236652
2.0556,0.9867777777777779,0.9521475441871997
2.0591999999999997,0.9867777777777779,0.9523864555455902
2.0628,0.990111111111111,0.9526243870807583
2.0664,0.990111111111111,0.9528613435475717
2.07,0.9833333333333333,0.9530973296740157
2.0736000000000003,0.990111111111111,0.9533323501613684
2.0772,0.9765555555555555,0.9535664096843673
2.0808,0.9800000000000001,0.9537995128913834
2.0844,0.9765555555555555,0.9540316644045851
2.088,0.9765555555555555,0.9542628688201075
2.0916,0.9664444444444446,0.9544931307082194
2.0952,0.9765555555555555,0.9547224546134851
2.0987999999999998,0.9800000000000001,0.9549508450549306
2.1024000000000003,0.9765555555555555,0.9551783065262048
2.106,0.9664444444444446,0.955404843495742
2.1096,0.9697777777777777,0.9556304604069206
2.1132,0.9697777777777777,0.9558551616782222
2.1168,0.9697777777777777,0.9560789517033911
2.1204,0.9697777777777777,0.9563018348515904
2.124,0.9664444444444446,0.9565238154675574
2.1275999999999997,0.9664444444444446,0.9567448978717583
2.1312,0.9732222222222223,0.9569650863605423
2.1348,0.9765555555555555,0.9571843852062937
2.1384,0.9800000000000001,0.9574027986575835
2.142,0.9833333333333333,0.95762033093932
2.1456,0.9935555555555556,0.9578369862528975
2.1492,0.9935555555555556,0.9580527687763459
2.1528,0.9935555555555556,0.9582676826644758
2.1563999999999997,0.9935555555555556,0.9584817320490273
2.16,0.9867777777777779,0.9586949210388135
2.1636,0.9935555555555556,0.958907253719866
2.1672,0.9800000000000001,0.9591187341555755
2.1708000000000003,0.990111111111111,0.9593293663868385
2.1744,0.9800000000000001,0.9595391544321938
2.178,0.9800000000000001,0.9597481022879668
2.1816,0.9697777777777777,0.9599562139284045
2.1852,0.9765555555555555,0.9601634933058185
2.1888,0.9765555555555555,0.9603699443507192
2.1924,0.9765555555555555,0.9605755709719535
2.1959999999999997,0.9800000000000001,0.960780377056839
2.1996,0.9732222222222223,0.9609843664713006
2.2032,0.9732222222222223,0.9611875430600021
2.2068,0.9697777777777777,0.9613899106464805
2.2104,0.9697777777777777,0.9615914730332765
2.214,0.9732222222222223,0.9617922340020656
2.2176,0.9697777777777777,0.9619921973137894
2.2212,0.9765555555555555,0.9621913667087829
2.2248,0.9765555555555555,0.9623897459069026
2.2284,0.9800000000000001,0.9625873386076566
2.2319999999999998,0.9833333333333333,0.962784148490327
2.2356,0.9935555555555556,0.9629801792140984
2.2392,0.990111111111111,0.9631754344181815
2.2428,1.0003333333333333,0.963369917721937
2.2464,0.9935555555555556,0.9635636327249991
2.25,0.9968888888888888,0.963756583007396
2.2536,0.9935555555555556,0.9639487721296734
2.2572,0.9867777777777779,0.964140203633014
2.2608,0.9935555555555556,0.9643308810393562
2.2644,0.9833333333333333,0.9645208078515142
2.2680000000000002,0.9833333333333333,0.9647099875532965
2.2716,0.9765555555555555,0.9648984236096212
2.2752,0.9800000000000001,0.9650861194666329
2.2788,0.9833333333333333,0.9652730785518203
2.2824,0.9833333333333333,0.9654593042741284
2.286,0.9833333333333333,0.9656448000240749
2.2896,0.9765555555555555,0.9658295691738608
2.2932,0.9800000000000001,0.966013615077485
2.2968,0.9765555555555555,0.9661969410708556
2.3004,0.9765555555555555,0.9663795504719005
2.3040000000000003,0.9765555555555555,0.966561446580677
2.3076,0.9765555555555555,0.966742632679483
2.3112,0.9800000000000001,0.966923112032964
2.3148,0.9833333333333333,0.9671028878882224
2.3184,0.9935555555555556,0.9672819634749235
2.322,0.990111111111111,0.9674603420054025
2.3256,0.9968888888888888,0.9676380266747712
2.3291999999999997,1.0003333333333333,0.9678150206610214
2.3328,1.0003333333333333,0.9679913271251313
2.3364,1.0003333333333333,0.9681669492111666
2.34,1.0036666666666667,0.968341890046386
2.3436000000000003,1.0003333333333333,0.9685161527413417
2.3472,0.990111111111111,0.9686897403899821
2.3508,0.9968888888888888,0.9688626560697517
2.3544,0.990111111111111,0.969034902841692
2.358,0.9968888888888888,0.9692064837505413
2.3616,0.9800000000000001,0.969377401824832
2.3652,0.9800000000000001,0.9695476600769911
2.3688,0.990111111111111,0.9697172615034355
2.3724000000000003,0.9867777777777779,0.9698862090846703
2.376,0.990111111111111,0.970054505785385
2.3796,0.9833333333333333,0.9702221545545484
2.3832,0.9833333333333333,0.9703891583255037
2.3868,0.9800000000000001,0.9705555200160626
2.3904,0.9800000000000001,0.9707212425285999
2.394,0.9765555555555555,0.9708863287501457
2.3975999999999997,0.9833333333333333,0.9710507815524784
2.4012000000000002,0.9867777777777779,0.9712146037922156
2.4048,0.9833333333333333,0.971377798310906
2.4084,0.990111111111111,0.97154036793512
2.412,0.9935555555555556,0.9717023154765391
2.4156,1.007111111111111,0.971863643732046
2.4192,1.0003333333333333,0.9720243554838129
2.4228,1.0104444444444445,0.9721844534993898
2.4263999999999997,1.007111111111111,0.9723439405317921
2.43,1.007111111111111,0.9725028193195873
2.4336,1.0036666666666667,0.9726610925869822
2.4372,1.0003333333333333,0.9728187630439075
2.4408000000000003,1.0003333333333333,0.9729758333861046
2.4444,0.9867777777777779,0.9731323062952092
2.448,0.9935555555555556,0.9732881844388361
2.4516,0.9800000000000001,0.9734434704706623
2.4552,0.9833333333333333,0.9735981670305099
2.4588,0.9867777777777779,0.973752276744429
2.4624,0.990111111111111,0.9739058022247804
2.4659999999999997,0.9867777777777779,0.9740587460703151
2.4696000000000002,0.9867777777777779,0.9742111108662568
2.4732,0.9833333333333333,0.9743628991843815
2.4768,0.9833333333333333,0.9745141135830973
2.4804,0.9833333333333333,0.9746647566075238
2.484,0.9765555555555555,0.9748148307895714
2.4876,0.9833333333333333,0.9749643386480181
2.4912,0.9833333333333333,0.9751132826885883
2.4947999999999997,0.9867777777777779,0.9752616654040304
2.4984,0.9867777777777779,0.9754094892741917
2.502,0.9935555555555556,0.975556756766097
2.5056,1.0036666666666667,0.9757034703340219
2.5092,1.0003333333333333,0.9758496324195698
2.5128,1.007111111111111,0.9759952454517453
2.5164,1.007111111111111,0.9761403118470293
2.52,1.0104444444444445,0.9762848340094523
2.5236,1.007111111111111,0.9764288143306683
2.5272,1.0003333333333333,0.9765722551900258
2.5308,1.0036666666666667,0.9767151589546416
2.5343999999999998,0.990111111111111,0.9768575279794726
2.5380000000000003,1.0003333333333333,0.9769993646073863
2.5416,0.9833333333333333,0.9771406711692323
2.5452,0.9867777777777779,0.9772814499839129
2.5488,0.9867777777777779,0.9774217033584518
2.5524,0.9968888888888888,0.9775614335880647
2.556,0.9935555555555556,0.9777006429562277
2.5596,0.990111111111111,0.9778393337347474
2.5632,0.990111111111111,0.9779775081838267
2.5668,0.9867777777777779,0.9781151685521335
2.5704000000000002,0.990111111111111,0.9782523170768692
2.574,0.9867777777777779,0.9783889559838327
2.5776,0.990111111111111,0.9785250874874898
2.5812,0.9935555555555556,0.9786607137910378
2.5848,0.9935555555555556,0.9787958370864698
2.5883999999999996,0.9968888888888888,0.9789304595546421
2.592,1.0003333333333333,0.9790645833653373
2.5956,1.0036666666666667,0.9791982106773283
2.5992,1.007111111111111,0.9793313436384449
2.6028,1.0172222222222222,0.979463984385633
2.6064,1.0138888888888888,0.9795961350450203
2.61,1.0172222222222222,0.979727797731979
2.6136,1.0138888888888888,0.9798589745511869
2.6172000000000004,1.007111111111111,0.9799896675966893
2.6208,1.007111111111111,0.9801198789519613
2.6244,1.0003333333333333,0.9802496106899681
2.628,1.0036666666666667,0.9803788648732255
2.6316,0.9935555555555556,0.9805076435538602
2.6351999999999998,0.9968888888888888,0.9806359487736707
2.6388,0.9867777777777779,0.9807637825641844
2.6424000000000003,0.9968888888888888,0.9808911469467195
2.6460000000000004,0.9968888888888888,0.9810180439324414
2.6496,0.9968888888888888,0.9811444755224215
2.6532,0.9935555555555556,0.981270443707697
2.6568,0.990111111111111,0.9813959504693254
2.6604,0.990111111111111,0.9815209977784435
2.6639999999999997,0.9867777777777779,0.9816455875963253
2.6675999999999997,0.9968888888888888,0.9817697218744353
2.6712000000000002,0.9867777777777779,0.9818934025544878
2.6748000000000003,0.9935555555555556,0.9820166315685002
2.6784,0.9968888888888888,0.9821394108388501
2.682,0.9968888888888888,0.9822617422783299
2.6856,1.007111111111111,0.9823836277902004
2.6892,1.007111111111111,0.9825050692682462
2.6927999999999996,1.0138888888888888,0.9826260685968305
2.6963999999999997,1.0172222222222222,0.9827466276509467
2.7,1.0172222222222222,0.9828667482962725
2.7036000000000002,1.0172222222222222,0.9829864323892231
2.7072000000000003,1.0138888888888888,0.9831056817770053
2.7108,1.0138888888888888,0.9832244982976661
2.7144,1.0036666666666667,0.9833428837801481
2.718,1.007111111111111,0.9834608400443399
2.7216000000000005,1.0003333333333333,0.9835783689011264
2.7251999999999996,1.0003333333333333,0.9836954721524418
2.7288,0.9867777777777779,0.9838121515913184
2.7324,1.0003333333333333,0.9839284090019379
2.736,1.0003333333333333,0.9840442461596816
2.7396,0.9968888888888888,0.984159664831179
2.7432,1.0003333333333333,0.9842746667743587
2.7468,0.9935555555555556,0.9843892537384955
2.7504000000000004,0.9935555555555556,0.9845034274642617
2.7539999999999996,0.990111111111111,0.9846171896837728
2.7576,0.9968888888888888,0.9847305421206386
2.7612,0.9968888888888888,0.9848434864900072
2.7648,0.9935555555555556,0.984956024498617
2.7683999999999997,1.0003333333333333,0.9850681578448405
2.772,0.9968888888888888,0.985179888218733
2.7756,1.0036666666666667,0.9852912173020778
2.7792000000000003,1.007111111111111,0.9854021467684353
2.7828,1.0206666666666666,0.9855126782831855
2.7864,1.0172222222222222,0.9856228135035755
2.79,1.024,0.9857325540787667
2.7936,1.024,0.9858419016498765
2.7972,1.0206666666666666,0.9859508578500266
2.8007999999999997,1.0206666666666666,0.9860594243043843
2.8044,1.0104444444444445,0.9861676026302102
2.8080000000000003,1.0104444444444445,0.9862753944369
2.8116000000000003,1.007111111111111,0.9863828013260292
2.8152,1.007111111111111,0.9864898248913964
2.8188,1.0003333333333333,0.986596466719067
2.8224,1.0036666666666667,0.9867027283874146
2.826,1.007111111111111,0.9868086114671666
2.8295999999999997,1.0036666666666667,0.9869141175214438
2.8331999999999997,1.0003333333333333,0.9870192481058049
2.8368,1.0003333333333333,0.9871240047682858
2.8404000000000003,1.0036666666666667,0.9872283890494442
2.844,1.0003333333333333,0.9873324024823991
2.8476,0.9968888888888888,0.9874360465928724
2.8512,0.9968888888888888,0.9875393228992302
2.8548,1.0003333333333333,0.987642232912523
2.8583999999999996,1.0003333333333333,0.9877447781365257
2.862,1.0036666666666667,0.9878469600677792
2.8656,1.0104444444444445,0.9879487801956288
2.8692,1.007111111111111,0.9880502400022646
2.8728,1.0172222222222222,0.9881513409627606
2.8764,1.0138888888888888,0.9882520845451139
2.88,1.024,0.9883524722102845
2.8836,1.024,0.9884525054122324
2.8872000000000004,1.024,0.9885521855979563
2.8908,1.024,0.9886515142075342
2.8944,1.0138888888888888,0.9887504926741575
2.898,1.0172222222222222,0.9888491224241722
2.9016,1.0036666666666667,0.9889474048771145
2.9052,1.0104444444444445,0.9890453414457483
2.9088,1.0003333333333333,0.9891429335361024
2.9124,1.0036666666666667,0.989240182547508
2.9160000000000004,1.0036666666666667,0.989337089872634
2.9196,1.0036666666666667,0.989433656897525
2.9232,1.0036666666666667,0.989529885001635
2.9268,1.0003333333333333,0.9896257755578666
2.9304,1.0003333333333333,0.9897213299326033
2.9339999999999997,1.0003333333333333,0.989816549485748
2.9375999999999998,1.0036666666666667,0.9899114355707554
2.9412000000000003,0.9968888888888888,0.9900059895346708
2.9448000000000003,1.0003333333333333,0.9901002127181596
2.9484,0.9968888888888888,0.9901941064555478
2.952,1.0003333333333333,0.9902876720748525
2.9556,1.007111111111111,0.9903809108978165
2.9592,1.007111111111111,0.9904738242399442
2.9627999999999997,1.0206666666666666,0.9905664134105341
2.9663999999999997,1.0172222222222222,0.9906586797127113
2.97,1.024,0.9907506244434635
2.9736000000000002,1.024,0.9908422488936726
2.9772000000000003,1.0274444444444444,0.9909335543481463
2.9808,1.024,0.9910245420856545
2.9844,1.0138888888888888,0.9911152133789591
2.988,1.0172222222222222,0.9912055694948462
2.9916,1.0104444444444445,0.9912956116941598
2.9951999999999996,1.0138888888888888,0.9913853412318334
2.9988,1.0036666666666667,0.9914747593569215
3.0024,1.007111111111111,0.9915638673126309
3.0060000000000002,1.0036666666666667,0.9916526663363526
3.0096,1.0104444444444445,0.991741157659693
3.0132,1.007111111111111,0.9918293425085047
3.0168,1.007111111111111,0.9919172221029172
3.0204000000000004,1.0104444444444445,0.992004797657369
3.0239999999999996,1.0036666666666667,0.9920920703806357
3.0276,1.007111111111111,0.9921790414758618
3.0312,1.0003333333333333,0.992265712140591
3.0348,1.0036666666666667,0.9923520835667953
3.0383999999999998,1.0036666666666667,0.9924381569409045
3.042,1.0036666666666667,0.992523933443838
3.0456,1.007111111111111,0.9926094142510311
3.0492000000000004,1.0104444444444445,0.9926946005324665
3.0527999999999995,1.0138888888888888,0.9927794934527021
3.0564,1.0172222222222222,0.9928640941709007
3.06,1.0206666666666666,0.9929484038408573
3.0636,1.024,0.9930324236110311
3.0672,1.0274444444444444,0.9931161546245685
3.0707999999999998,1.0274444444444444,0.993199598019336
3.0744,1.0206666666666666,0.9932827549279462
3.0780000000000003,1.0206666666666666,0.9933656264777847
3.0816000000000003,1.0138888888888888,0.9934482137910409
3.0852,1.0138888888888888,0.9935305179847315
3.0888,1.007111111111111,0.9936125401707323
3.0924,1.0104444444444445,0.9936942814558001
3.096,0.9968888888888888,0.993775742941605
3.0995999999999997,1.0104444444444445,0.9938569257247545
3.1031999999999997,1.007111111111111,0.9939378308968199
3.1068000000000002,1.0036666666666667,0.9940184595443639
3.1104000000000003,1.007111111111111,0.9940988127489672
3.114,1.007111111111111,0.9941788915872533
3.1176,1.0036666666666667,0.9942586971309166
3.1212,0.9968888888888888,0.9943382304467465
3.1248,1.0003333333333333,0.9944174925966538
3.1283999999999996,1.0003333333333333,0.9944964846376975
3.1319999999999997,1.0003333333333333,0.994575207622108
3.1356,1.007111111111111,0.9946536625973148
3.1392,1.0036666666666667,0.994731850605969
3.1428,1.0104444444444445,0.9948097726859711
3.1464,1.0138888888888888,0.9948874298704949
3.15,1.024,0.9949648231880102
3.1536,1.0206666666666666,0.9950419536623111
3.1572000000000005,1.024,0.9951188223125375
3.1608,1.024,0.9951954301532001
3.1644,1.024,0.995271778194206
3.168,1.0206666666666666,0.9953478674408801
3.1716,1.0138888888888888,0.9954236988939916
3.1752,1.0172222222222222,0.9954992735497759
3.1788,1.007111111111111,0.995574592399959
3.1824,1.0138888888888888,0.9956496564317806
3.1860000000000004,0.9968888888888888,0.9957244666280182
3.1896,1.0104444444444445,0.9957990239670091
3.1932,1.007111111111111,0.9958733294226747
3.1968,1.0104444444444445,0.9959473839645414
3.2004,1.007111111111111,0.9960211885577666
3.2039999999999997,1.0036666666666667,0.9960947441631575
3.2076,1.007111111111111,0.9961680517371976
3.2112,1.0003333333333333,0.9962411122320649
3.2148000000000003,1.0036666666666667,0.9963139265956586
3.2184,1.0003333333333333,0.9963864957716173
3.222,1.007111111111111,0.9964588206993431
3.2256,1.007111111111111,0.996530902314023
3.2292,1.0104444444444445,0.9966027415466504
3.2327999999999997,1.0138888888888888,0.9966743393240469
3.2363999999999997,1.0138888888888888,0.996745696568885
3.24,1.024,0.9968168141997066
3.2436000000000003,1.024,0.9968876931309468
3.2472000000000003,1.0307777777777778,0.9969583342729544
3.2508,1.0307777777777778,0.9970287385320117
3.2544,1.0274444444444444,0.9970989068103572
3.258,1.0274444444444444,0.9971688400062044
3.2616,1.0206666666666666,0.9972385390137654
3.2651999999999997,1.0274444444444444,0.9973080047232665
3.2688,1.0104444444444445,0.997377238020975
3.2724,1.0172222222222222,0.997446239789213
3.2760000000000002,1.007111111111111,0.9975150109063826
3.2796,1.0036666666666667,0.9975835522469831
3.2832,1.0172222222222222,0.9976518646816322
3.2868,1.0104444444444445,0.997719949077085
3.2904,1.0138888888888888,0.9977878062962543
3.2939999999999996,1.0138888888888888,0.9978554371982294
3.2976,1.0138888888888888,0.9979228426382976
3.3012,1.007111111111111,0.9979900234679604
3.3048,1.007111111111111,0.9980569805349555
3.3084,1.007111111111111,0.9981237146832745
3.312,1.007111111111111,0.9981902267531824
3.3156,1.007111111111111,0.9982565175812366
3.3192000000000004,1.007111111111111,0.9983225880003053
3.3227999999999995,1.0138888888888888,0.9983884388395868
3.3264,1.0138888888888888,0.9984540709246271
3.33,1.0274444444444444,0.9985194850773401
3.3336,1.024,0.9985846821160235
3.3372,1.0342222222222222,0.9986496628553797
3.3407999999999998,1.0342222222222222,0.9987144281065324
3.3444,1.0307777777777778,0.9987789786770452
3.3480000000000003,1.0307777777777778,0.9988433153709392
3.3516000000000004,1.0206666666666666,0.998907438988711
3.3552,1.0274444444444444,0.9989713503273514
3.3588,1.0138888888888888,0.9990350501803604
3.3624,1.0206666666666666,0.9990985393377693
3.366,1.0138888888888888,0.9991618185861528
3.3695999999999997,1.0138888888888888,0.9992248887086508
3.3731999999999998,1.0104444444444445,0.9992877504849831
3.3768000000000002,1.0138888888888888,0.9993504046914675
3.3804000000000003,1.0104444444444445,0.9994128521010373
3.384,1.0104444444444445,0.9994750934832568
3.3876,1.0138888888888888,0.9995371296043395
3.3912,1.0104444444444445,0.999598961227165
3.3948,1.0104444444444445,0.9996605891112937
3.3983999999999996,1.007111111111111,0.9997220140129869
3.4019999999999997,1.007111111111111,0.9997832366852198
3.4056,1.0138888888888888,0.9998442578777
3.4092000000000002,1.0138888888888888,0.9999050783368832
3.4128,1.0172222222222222,0.999965698805989
3.4164,1.0172222222222222,1.000026120025018
3.42,1.024,1.0000863427307665
3.4236,1.0274444444444444,1.000146367656844
3.4272000000000005,1.0342222222222222,1.0002061955336885
3.4307999999999996,1.0307777777777778,1.0002658270885814
3.4344,1.0307777777777778,1.0003252630456643
3.438,1.0342222222222222,1.0003845041259538
3.4416,1.0307777777777778,1.0004435510473582
3.4452,1.0307777777777778,1.0005024045246913
3.4488,1.0206666666666666,1.0005610652696881
3.4524,1.0274444444444444,1.0006195339910224
3.4560000000000004,1.0138888888888888,1.0006778113943184
3.4596,1.024,1.0007358981821681
3.4632,1.007111111111111,1.000793795054145
3.4668,1.0138888888888888,1.0008515027068208
3.4704,1.0172222222222222,1.0009090218337782
3.4739999999999998,1.0138888888888888,1.0009663531256268
3.4776,1.0172222222222222,1.0010234972700172
3.4812,1.0104444444444445,1.0010804549516565
3.4848000000000003,1.0138888888888888,1.0011372268523222
3.4884,1.007111111111111,1.0011938136508758
3.492,1.0104444444444445,1.0012502160232786
3.4956,1.0104444444444445,1.0013064346426048
3.4992,1.0138888888888888,1.0013624701790573
3.5027999999999997,1.0172222222222222,1.0014183232999798
3.5063999999999997,1.0172222222222222,1.0014739946698719
3.51,1.024,1.0015294849504028
3.5136000000000003,1.024,1.0015847948004253
3.5172000000000003,1.0307777777777778,1.00163992487599
3.5208,1.0375555555555556,1.0016948758303579
3.5244,1.041,1.0017496483140154
3.528,1.0342222222222222,1.0018042429746865
3.5316,1.0375555555555556,1.001858660457347
3.5351999999999997,1.0342222222222222,1.0019129014042392
3.5388,1.0307777777777778,1.0019669664548818
3.5424,1.0274444444444444,1.0020208562460873
3.5460000000000003,1.0172222222222222,1.0020745714119716
3.5496,1.024,1.0021281125839703
3.5532,1.0138888888888888,1.0021814803908489
3.5568,1.0138888888888888,1.0022346754587177
3.5604,1.0172222222222222,1.0022876984110436
3.5639999999999996,1.024,1.0023405498686644
3.5676,1.0138888888888888,1.0023932304497996
3.5712,1.0172222222222222,1.0024457407700642
3.5748,1.0172222222222222,1.0024980814424818
3.5784,1.0104444444444445,1.0025502530774963
3.582,1.0138888888888888,1.0026022562829846
3.5856,1.0104444444444445,1.0026540916642686
3.5892,1.0104444444444445,1.0027057598241291
3.5927999999999995,1.0138888888888888,1.0027572613628162
3.5964,1.0172222222222222,1.0028085968780627
3.6,1.0206666666666666,1.002859766965096
